Советский бункер,bunker_type
Бункер времён второй мировой,bunker_type
Шахта,bunker_type
Пещера,bunker_type
Военная база,bunker_type
Тюрьма,bunker_type
Правительственный бункер,bunker_type
Аптека,bunker_type
Ферма,bunker_type
Продуктовый магазин,bunker_type
Оружейный магазин,bunker_type
Охотничья сторожка,bunker_type
Домик лесника,bunker_type
Радиоцентр,bunker_type
Подземная лаборатория,bunker_type
Подводный купол,bunker_type
Арктическая станция,bunker_type
Космическая станция,bunker_type
Станция метро,bunker_type
Банковский склад,bunker_type
Гражданский бункер,bunker_type
Промышленный склад,bunker_type
Автосервис,bunker_type
Дом культуры,bunker_type
Санаторий,bunker_type
Водоочистное сооружение,bunker_type
Многоэтажка,bunker_type
Частный дом,bunker_type
Хозяйственный магазин,bunker_type
Прицеп грузовика,bunker_type
Пассажирский самолёт,bunker_type
Подводная лодка,bunker_type
Средневековый замок-музей,bunker_type
Сухогруз,bunker_type
Пассажирский лайнер,bunker_type
