Беспроводная Колонка.,item
Бладхаунд.,item
Будильник.,item
Бутылка Шампанского.,item
Гаечный Ключ.,item
Газовая Горелка.,item
Гитара.,item
Грудной Ребёнок.,item
Губная Гармошка.,item
Дедовское Ружьё.,item
Десять Одноразовых Медицинских Масок.,item
Дневник Выжившего.,item
Дублёнка.,item
Зажигалка.,item
Карманные Часы.,item
Карта Местности.,item
Кассеты С Фильмами.,item
Книга По Социологии.,item
Компас.,item
Консервы.,item
Коробка С Боеприпасами.,item
Коробок Спичек.,item
Косметическое Зеркало.,item
Ледоруб И Трос.,item
Лейка.,item
Лук И Стрелы.,item
Молоток И Гвозди.,item
Музыкальная Шкатулка.,item
Набор Для Шитья.,item
Набор Инструментов.,item
Набор Кухонных Инструментов.,item
Настольные Игры.,item
Немецкая Овчарка.,item
Немецкая Овчарка.,item
Несколько Чистых Листов Пергамента.,item
Ноутбук.,item
Открывалка.,item
Пачка Сигарет.,item
Персидский Кот.,item
Пневматический Пистолет.,item
Презервативы.,item
Противогаз.,item
Пустая Коробка.,item
Радио.,item
Рулоны Туалетной Бумаги.,item
Семена Капусты.,item
Семена Картофеля.,item
Семена Моркови.,item
Семена Пшеницы.,item
Сотовый Телефон.,item
Стерильные Одноразовые Шприцы.,item
Стопка Журналов Для Взрослых.,item
Телевизор.,item
Топор И Веревка.,item
Три Респираторные Маски.,item
Флейта.,item
Фонарик И Запасные Батарейки.,item
Фотоаппарат.,item
Четыре Рации,item
2 пары трусов,item
Аптечка,item
Миллион долларов,item
Чемодан с крышками от бутылок,item
Коллекция порно журналов,item
Видео магнитофон и кассеты,item
Караоке,item
10 пакетов,item
Комнатный цветок,item
10 айфонов,item
Радио,item
Пробирка с вирусом,item
Винтажная статуэтка,item
100 неактивированных сим карт,item
Мороженное,item
Деревянная палка,item
Селфи палка,item
Пульт от телевизора,item
Крем от загара,item
Чертеж бункера,item
Банка с огурцами,item
Мыло,item
Веревка,item
Корм для животных,item
Гриль,item
Штатив,item
Бочка с вином,item
Удобрения,item
Подгузники,item
Тест на беременность,item
Блок сигарет,item
Генератор,item
Беруши,item
Маска для сна,item
Пижама,item
Накладной нос,item
Фара от автомобиля,item
Спички,item
Набор сух пайков,item
Бочка чистой воды,item
Коллекция настольных игр,item
Нож,item
Набор инструментов,item
Самогонный аппарат,item
Надувной матрац,item
Ортопедическая подушка,item
Надувной бассейн с шариками,item
Набор для вышивания,item
Набор таблеток первой необходимости,item
Компас,item
Кофейный аппарат,item
Змея,item
Тормозные колодки,item
Красивый номер для машины,item
Коврик для йоги,item
