Авантюризм.,personality
Безотказность.,personality
Безынициативность.,personality
Благоразумность.,personality
Боязливость.,personality
Буйность.,personality
Весёлость.,personality
Властность.,personality
Внимательность.,personality
Внушаемость.,personality
Ворчливость.,personality
Гостеприимность.,personality
Грубость.,personality
Деликатность.,personality
Добродушие.,personality
Доброта.,personality
Доверчивость.,personality
Жадность.,personality
Жестокость.,personality
Жизнерадостность.,personality
Истеричность.,personality
Конфликтность.,personality
Лицемерие.,personality
Любезность.,personality
Надёжность.,personality
Невозмутимость.,personality
Нежность.,personality
Ненадёжность.,personality
Неравнодушие.,personality
Неусидчивость.,personality
Обидчивость.,personality
Осторожность.,personality
Пофигизм.,personality
Предприимчивость.,personality
Равнодушие.,personality
Расчётливость.,personality
Самовлюбленность.,personality
Самостоятельность.,personality
Сдержанность.,personality
Скандальность.,personality
Слабохарактерность.,personality
Собранность.,personality
Терпеливость.,personality
Тревожность.,personality
Трусость.,personality
Усидчивость.,personality
Флегматичность.,personality
Харизматичность.,personality
Храбрость.,personality
Эгоизм,personality
Вальяжный,personality
