Советский бункер,bunker_type_cart
Бункер времён второй мировой,bunker_type_cart
Шахта,bunker_type_cart
Пещера,bunker_type_cart
Военная база,bunker_type_cart
Тюрьма,bunker_type_cart
Правительственный бункер,bunker_type_cart
Аптека,bunker_type_cart
Ферма,bunker_type_cart
Продуктовый магазин,bunker_type_cart
Подвал,bunker_type_cart
Оружейный магазин,bunker_type_cart
Охотничья сторожка,bunker_type_cart
Домик лесника,bunker_type_cart
Радиоцентр,bunker_type_cart
Подземная лаборатория,bunker_type_cart
Подводный купол,bunker_type_cart
Арктическая станция,bunker_type_cart
Космическая станция,bunker_type_cart
Станция метро,bunker_type_cart
Банковский склад,bunker_type_cart
Гражданский бункер,bunker_type_cart
Промышленный склад,bunker_type_cart
Автосервис,bunker_type_cart
Дом культуры,bunker_type_cart
Санаторий,bunker_type_cart
Водоочистное сооружение,bunker_type_cart
Склад боеприпасов,bunker_type_cart
Многоэтажка,bunker_type_cart
Частный дом,bunker_type_cart
Баня,bunker_type_cart
Хозяйственный магазин,bunker_type_cart
Прицеп грузовика,bunker_type_cart
Пассажирский самолёт,bunker_type_cart
Подводная лодка,bunker_type_cart
Средневековый замок-музей,bunker_type_cart
Картинная галерея,bunker_type_cart
Сухогруз,bunker_type_cart
Пассажирский лайнер,bunker_type_cart
