Авантюризм.,personality_cart
Безотказность.,personality_cart
Безынициативность.,personality_cart
Благоразумность.,personality_cart
Боязливость.,personality_cart
Буйность.,personality_cart
Весёлость.,personality_cart
Властность.,personality_cart
Внимательность.,personality_cart
Внушаемость.,personality_cart
Ворчливость.,personality_cart
Гостеприимность.,personality_cart
Грубость.,personality_cart
Деликатность.,personality_cart
Добродушие.,personality_cart
Доброта.,personality_cart
Доверчивость.,personality_cart
Жадность.,personality_cart
Жестокость.,personality_cart
Жизнерадостность.,personality_cart
Истеричность.,personality_cart
Конфликтность.,personality_cart
Лицемерие.,personality_cart
Любезность.,personality_cart
Надёжность.,personality_cart
Невозмутимость.,personality_cart
Нежность.,personality_cart
Ненадёжность.,personality_cart
Неравнодушие.,personality_cart
Неусидчивость.,personality_cart
Обидчивость.,personality_cart
Осторожность.,personality_cart
Пофигизм.,personality_cart
Предприимчивость.,personality_cart
Равнодушие.,personality_cart
Расчётливость.,personality_cart
Самовлюбленность.,personality_cart
Самостоятельность.,personality_cart
Сдержанность.,personality_cart
Скандальность.,personality_cart
Слабохарактерность.,personality_cart
Собранность.,personality_cart
Терпеливость.,personality_cart
Тревожность.,personality_cart
Трусость.,personality_cart
Усидчивость.,personality_cart
Флегматичность.,personality_cart
Харизматичность.,personality_cart
Храбрость.,personality_cart
Эгоизм,personality_cart
