беспроводная колонка.,item_cart
бладхаунд.,item_cart
будильник.,item_cart
бутылка шампанского.,item_cart
гаечный ключ.,item_cart
газовая горелка.,item_cart
гитара.,item_cart
грудной ребёнок.,item_cart
губная гармошка.,item_cart
дедовское ружьё.,item_cart
десять одноразовых медицинских масок.,item_cart
дневник выжившего.,item_cart
дублёнка.,item_cart
зажигалка.,item_cart
карманные часы.,item_cart
карта местности.,item_cart
кассеты с фильмами.,item_cart
книга по социологии.,item_cart
компас.,item_cart
консервы.,item_cart
коробка с боеприпасами.,item_cart
коробок спичек.,item_cart
косметическое зеркало.,item_cart
ледоруб и трос.,item_cart
лейка.,item_cart
лук и стрелы.,item_cart
молоток и гвозди.,item_cart
музыкальная шкатулка.,item_cart
набор для шитья.,item_cart
набор инструментов.,item_cart
набор кухонных инструментов.,item_cart
настольные игры.,item_cart
немецкая овчарка.,item_cart
немецкая овчарка.,item_cart
несколько чистых листов пергамента.,item_cart
ноутбук.,item_cart
открывалка.,item_cart
пачка сигарет.,item_cart
персидский кот.,item_cart
пневматический пистолет.,item_cart
презервативы.,item_cart
противогаз.,item_cart
пустая коробка.,item_cart
радио.,item_cart
рулоны туалетной бумаги.,item_cart
семена капусты.,item_cart
семена картофеля.,item_cart
семена моркови.,item_cart
семена пшеницы.,item_cart
сотовый телефон.,item_cart
стерильные одноразовые шприцы.,item_cart
стопка журналов для взрослых.,item_cart
телевизор.,item_cart
топор и веревка.,item_cart
три респираторные маски.,item_cart
флейта.,item_cart
фонарик и запасные батарейки.,item_cart
фотоаппарат.,item_cart
четыре рации,item_cart
